Sample ID,CONDITION,Gender,Age,APOE Genotype,Pyruvate,L-Lactate,L-lactate dehydrogenase A chain; LDH-A,Pyruvate kinase; PKM
SAND 243,CON,M,78,E3/E3,10.9377,316.24,1.91E+07,2.31E+07
SAND 262,CON,M,82,E3/E3,3.70173,87.5963,5.12E+06,7.26E+06
SAND 270,CON,F,80,E3/E2,2.60489,114.797,2.16E+06,1.74E+06
SAND 280,CON,M,80,E4/E3,2.43247,132.827,2.56E+06,3.00E+06
SAND 296,CON,F,92,E3/E3,1.04729,88.3076,1.84E+06,4.91E+06
SAND 297,CON,M,79,E3/E3,1.41048,44.4226,,346191
SAND 341,CON,F,60,E4/E3,1.28821,56.2764,2.85E+06,1.39E+06
SAND 343,CON,F,69,E3/E3,4.02558,301.885,1.14E+06,1.51E+06
SAND 344,CON,M,69,E3/E3,1.37729,71.14,2.12E+06,395888
SAND 350,CON,M,68,E3/E3,1.91567,79.3083,2.97E+06,1.65E+06
SAND 363,CON,F,62,E3/E3,3.12778,154.928,3.70E+06,4.03E+06
SAND 365,CON,M,82,E3/E3,11.9305,342.924,770126,590399
SAND 367,CON,M,63,E3/E3,0.537423,37.8543,3.68E+06,1.64E+06
SAND 369,CON,M,72,E3/E3,9.22092,171.419,3.99E+06,3.37E+06
SAND 380,CON,M,65,E3/E2,0.824047,37.8408,376459,505909
SAND 384,CON,F,64,E2/E2,0.909199,56.8347,2.90E+06,2.62E+06
SAND 385,CON,F,63,E3/E3,0.920072,24.368,680977,739170
SAND 387,CON,M,80,E3/E3,2.33124,106.6,1.55E+06,396167
SAND 392,CON,M,74,E3/E3,3.3441,115.934,2.77E+06,1.25E+06
SAND 393,CON,M,77,E4/E2,0.834325,33.7689,1.47E+06,2.19E+06
SAND 395,CON,M,73,E3/E3,0.990056,48.9039,767075,1.10E+06
SAND 396,CON,F,79,E4/E3,1.01022,65.8745,9.37E+06,8.92E+06
SAND 397,CON,F,72,E3/E3,1.73822,73.8217,2.04E+06,342380
SAND 398,CON,F,76,E3/E3,2.61052,125.302,5.37E+06,7.71E+06
SAND 399,CON,F,81,E3/E3,3.98359,145.648,1.05E+07,1.99E+07
SAND 443,CON,F,77,E3/E3,0.705119,13.6728,243692,127909
SAND 445,CON,F,75,E3/E3,1.34421,77.2559,5.18E+06,2.53E+06
SAND 447,CON,M,73,E3/E3,2.75525,81.6075,1.17E+06,161290
SAND 448,CON,M,79,E3/E3,1.71804,102.468,221624,194299
SAND 449,CON,M,71,E4/E3,3.9933,73.5838,693542,165462
SAND 451,CON,M,75,E3/E3,4.37245,172.646,3.97E+06,5.56E+06
SAND 452,CON,M,78,E3/E2,2.74377,72.0026,1.90E+06,600880
SAND 455,CON,F,79,E3/E2,3.25045,91.1269,394475,110238
SAND 460,CON,F,77,E3/E3,1.14102,38.611,68083.5,191205
SAND 461,CON,M,79,E3/E3,2.07701,76.1124,2.49E+06,1.43E+06
SAND 471,CON,F,78,E3/E3,0.0454868,52.2606,3.09E+06,2.48E+06
SAND 472,CON,M,77,E3/E3,13.3497,436.642,2.29E+06,430742
SAND 474,CON,F,84,E3/E3,6.48056,240.329,2.86E+06,722155
SAND 476,CON,F,79,E4/E3,0.136445,43.9295,1.25E+06,2.61E+06
SAND 482,CON,F,89,E3/E2,4.77335,183.902,6.37E+06,2.32E+06
SAND 308,AD,M,89,,11.0011,15.6785,246348,
SAND 316,AD,M,90,E3/E3,3.05245,39.6442,9.63E+06,1.49E+07
SAND 317,AD,M,83,E4/E3,1.75551,2.8357,3.87E+06,6.97E+06
SAND 319,AD,F,79,E3/E3,0.121816,68.9586,2.19E+06,5.62E+06
SAND 320,AD,F,77,E4/E3,4.60535,21.6444,4.68E+06,6.49E+06
SAND 321,AD,M,73,E3/E3,8.40529,31.4109,1.48E+07,1.72E+07
SAND 322,AD,M,81,E4/E3,4.49662,145.003,1.80E+06,1.50E+06
SAND 324,AD,M,72,E3/E2,6.28698,52.8581,6.32E+06,6.80E+06
SAND 325,AD,F,81,E3/E3,2.87882,17.1762,7.88E+06,6.46E+06
SAND 326,AD,M,71,E3/E3,10.1511,52.769,1.13E+07,9.35E+06
SAND 327,AD,F,75,E4/E4,0.529721,3.19173,6.84E+06,9.61E+06
SAND 328,AD,F,79,E4/E3,13.0036,243.924,3.04E+06,4.93E+06
SAND 329,AD,M,71,E3/E3,5.16532,58.1528,2.79E+06,4.89E+06
SAND 331,AD,M,88,E3/E3,4.58027,33.2939,3.87E+06,8.70E+06
SAND 332,AD,F,79,E3/E3,20.5063,196.023,5.34E+06,1.31E+07
SAND 333,AD,M,66,E4/E4,23.6796,156.34,4.99E+06,4.81E+06
SAND 334,AD,M,81,E3/E3,0.337188,18.9145,3.87E+06,5.32E+06
SAND 339,AD,F,75,E4/E3,5.40093,173.023,8.19E+06,8.70E+06
SAND 404,AD,M,80,E4/E4,23.3145,579.544,8.33E+06,7.78E+06
SAND 405,AD,F,71,E4/E4,1.54172,81.177,1.37E+06,2.52E+06
